{
  "schemaVersion": 1,
  "id": "inventorysorter",
  "version": "${version}",
  "name": "Inventory Sorter",
  "description": "Sorts your inventory with R key",
  "authors": [
    "YourName"
  ],
  "contact": {
    "homepage": "https://example.com/",
    "sources": "https://github.com/yourname/inventorysorter"
  },
  "license": "MIT",
  "icon": "assets/inventorysorter/icon.png",
  "environment": "*",
  "entrypoints": {
    "main": [
      "com.yourname.inventorysorter.InventorySorterMod"
    ],
    "client": [
      "com.yourname.inventorysorter.InventorySorterClient"
    ]
  },
  "mixins": [
    "inventorysorter.mixins.json"
  ],
  "depends": {
    "fabricloader": ">=0.14.21",
    "fabric-api": "*",
    "minecraft": "~1.20.1",
    "java": ">=17"
  },
  "suggests": {
    "another-mod": "*"
  }
}